{
    "Weapon": 48.099998,
    "Face": 48.099998,
    "Hat": 48.099998,
    "Club": 100
}